[{"model": "admin.logentry", "pk": 2358, "fields": {"action_time": "2021-04-04T16:07:23.459Z", "user": 9, "content_type": 15, "object_id": "1", "object_repr": "SellerRegister object (1)", "action_flag": 1, "change_message": "[{\"added\": {}}]"}}, {"model": "admin.logentry", "pk": 2359, "fields": {"action_time": "2021-04-04T16:28:48.659Z", "user": 9, "content_type": 4, "object_id": "8", "object_repr": "shivam2233", "action_flag": 3, "change_message": ""}}, {"model": "admin.logentry", "pk": 2360, "fields": {"action_time": "2021-04-04T16:28:48.670Z", "user": 9, "content_type": 4, "object_id": "3", "object_repr": "shivam290701@gmail.com", "action_flag": 3, "change_message": ""}}, {"model": "admin.logentry", "pk": 2361, "fields": {"action_time": "2021-04-05T12:44:14.524Z", "user": 9, "content_type": 11, "object_id": "21", "object_repr": "Order object (21)", "action_flag": 2, "change_message": "[{\"changed\": {\"fields\": [\"Status\"]}}]"}}, {"model": "admin.logentry", "pk": 2362, "fields": {"action_time": "2021-04-06T05:28:07.474Z", "user": 9, "content_type": 11, "object_id": "23", "object_repr": "Order object (23)", "action_flag": 3, "change_message": ""}}, {"model": "admin.logentry", "pk": 2363, "fields": {"action_time": "2021-04-06T05:28:07.479Z", "user": 9, "content_type": 11, "object_id": "22", "object_repr": "Order object (22)", "action_flag": 3, "change_message": ""}}, {"model": "admin.logentry", "pk": 2364, "fields": {"action_time": "2021-04-06T05:28:07.485Z", "user": 9, "content_type": 11, "object_id": "21", "object_repr": "Order object (21)", "action_flag": 3, "change_message": ""}}, {"model": "admin.logentry", "pk": 2365, "fields": {"action_time": "2021-04-06T05:28:07.493Z", "user": 9, "content_type": 11, "object_id": "20", "object_repr": "Order object (20)", "action_flag": 3, "change_message": ""}}, {"model": "admin.logentry", "pk": 2366, "fields": {"action_time": "2021-04-06T05:28:07.497Z", "user": 9, "content_type": 11, "object_id": "19", "object_repr": "Order object (19)", "action_flag": 3, "change_message": ""}}, {"model": "admin.logentry", "pk": 2367, "fields": {"action_time": "2021-04-06T05:28:07.503Z", "user": 9, "content_type": 11, "object_id": "18", "object_repr": "Order object (18)", "action_flag": 3, "change_message": ""}}, {"model": "admin.logentry", "pk": 2368, "fields": {"action_time": "2021-04-06T05:31:19.900Z", "user": 9, "content_type": 8, "object_id": "15", "object_repr": "acer Aspire 7 Ryzen 5 Hexa Core Gaming Laptop", "action_flag": 2, "change_message": "[{\"changed\": {\"fields\": [\"Seller\", \"Desc\"]}}]"}}, {"model": "admin.logentry", "pk": 2369, "fields": {"action_time": "2021-04-06T05:31:28.429Z", "user": 9, "content_type": 8, "object_id": "1", "object_repr": "PAUL JORDAN", "action_flag": 2, "change_message": "[{\"changed\": {\"fields\": [\"Seller\"]}}]"}}, {"model": "admin.logentry", "pk": 2370, "fields": {"action_time": "2021-04-06T05:31:40.506Z", "user": 9, "content_type": 8, "object_id": "2", "object_repr": "JAI TEXTILES", "action_flag": 2, "change_message": "[{\"changed\": {\"fields\": [\"Seller\"]}}]"}}, {"model": "admin.logentry", "pk": 2371, "fields": {"action_time": "2021-04-06T05:52:41.625Z", "user": 9, "content_type": 15, "object_id": "1", "object_repr": "SellerRegister object (1)", "action_flag": 3, "change_message": ""}}, {"model": "admin.logentry", "pk": 2372, "fields": {"action_time": "2021-04-06T12:53:35.339Z", "user": 9, "content_type": 8, "object_id": "15", "object_repr": "asus", "action_flag": 2, "change_message": "[{\"changed\": {\"fields\": [\"Dis price\", \"Image1\", \"Image2\", \"Image3\"]}}]"}}, {"model": "admin.logentry", "pk": 2373, "fields": {"action_time": "2021-04-06T12:53:59.302Z", "user": 9, "content_type": 8, "object_id": "16", "object_repr": "Shivamkumar Tiwari", "action_flag": 3, "change_message": ""}}, {"model": "admin.logentry", "pk": 2374, "fields": {"action_time": "2021-04-06T12:53:59.309Z", "user": 9, "content_type": 8, "object_id": "15", "object_repr": "asus", "action_flag": 3, "change_message": ""}}, {"model": "admin.logentry", "pk": 2375, "fields": {"action_time": "2021-04-06T13:09:32.852Z", "user": 9, "content_type": 8, "object_id": "5", "object_repr": "PETER ENGLAND", "action_flag": 2, "change_message": "[{\"changed\": {\"fields\": [\"Seller\"]}}]"}}, {"model": "admin.logentry", "pk": 2376, "fields": {"action_time": "2021-04-06T13:09:41.137Z", "user": 9, "content_type": 8, "object_id": "3", "object_repr": "DENNIS LINGO", "action_flag": 2, "change_message": "[{\"changed\": {\"fields\": [\"Seller\"]}}]"}}, {"model": "admin.logentry", "pk": 2377, "fields": {"action_time": "2021-04-07T04:52:50.580Z", "user": 9, "content_type": 8, "object_id": "18", "object_repr": "asus", "action_flag": 2, "change_message": "[{\"changed\": {\"fields\": [\"Dis price\"]}}]"}}, {"model": "admin.logentry", "pk": 2378, "fields": {"action_time": "2021-04-07T06:51:58.838Z", "user": 9, "content_type": 8, "object_id": "14", "object_repr": "realme 7 (Mist Blue, 64 GB)  (6 GB RAM)", "action_flag": 2, "change_message": "[{\"changed\": {\"fields\": [\"Seller\", \"Desc\"]}}]"}}, {"model": "admin.logentry", "pk": 2379, "fields": {"action_time": "2021-04-07T06:54:40.198Z", "user": 9, "content_type": 8, "object_id": "4", "object_repr": "HIGHLANDER", "action_flag": 2, "change_message": "[{\"changed\": {\"fields\": [\"Seller\"]}}]"}}, {"model": "admin.logentry", "pk": 2380, "fields": {"action_time": "2021-04-07T06:54:50.692Z", "user": 9, "content_type": 8, "object_id": "4", "object_repr": "HIGHLANDER", "action_flag": 2, "change_message": "[]"}}, {"model": "admin.logentry", "pk": 2381, "fields": {"action_time": "2021-04-07T06:54:57.863Z", "user": 9, "content_type": 8, "object_id": "5", "object_repr": "PETER ENGLAND", "action_flag": 2, "change_message": "[]"}}, {"model": "admin.logentry", "pk": 2382, "fields": {"action_time": "2021-04-07T07:07:11.886Z", "user": 9, "content_type": 8, "object_id": "12", "object_repr": "Liplop Fashion", "action_flag": 2, "change_message": "[{\"changed\": {\"fields\": [\"Seller\"]}}]"}}, {"model": "admin.logentry", "pk": 2383, "fields": {"action_time": "2021-04-07T07:07:45.516Z", "user": 9, "content_type": 8, "object_id": "18", "object_repr": "asus", "action_flag": 3, "change_message": ""}}, {"model": "admin.logentry", "pk": 2384, "fields": {"action_time": "2021-04-07T07:07:45.523Z", "user": 9, "content_type": 8, "object_id": "17", "object_repr": "asus", "action_flag": 3, "change_message": ""}}, {"model": "admin.logentry", "pk": 2385, "fields": {"action_time": "2021-04-07T07:08:01.261Z", "user": 9, "content_type": 8, "object_id": "13", "object_repr": "Redmi 9 Prime (Space Blue, 64 GB)  (4 GB RAM)", "action_flag": 2, "change_message": "[{\"changed\": {\"fields\": [\"Seller\", \"Desc\"]}}]"}}, {"model": "admin.logentry", "pk": 2386, "fields": {"action_time": "2021-04-07T07:08:12.290Z", "user": 9, "content_type": 8, "object_id": "11", "object_repr": "Tokyo Talkies", "action_flag": 2, "change_message": "[{\"changed\": {\"fields\": [\"Seller\"]}}]"}}, {"model": "admin.logentry", "pk": 2387, "fields": {"action_time": "2021-04-07T07:08:19.038Z", "user": 9, "content_type": 8, "object_id": "10", "object_repr": "JOLSTER", "action_flag": 2, "change_message": "[{\"changed\": {\"fields\": [\"Seller\"]}}]"}}, {"model": "admin.logentry", "pk": 2388, "fields": {"action_time": "2021-04-07T07:08:32.661Z", "user": 9, "content_type": 8, "object_id": "9", "object_repr": "MONTREZ", "action_flag": 2, "change_message": "[{\"changed\": {\"fields\": [\"Seller\"]}}]"}}, {"model": "admin.logentry", "pk": 2389, "fields": {"action_time": "2021-04-07T07:08:40.343Z", "user": 9, "content_type": 8, "object_id": "8", "object_repr": "SILKOVA", "action_flag": 2, "change_message": "[{\"changed\": {\"fields\": [\"Seller\"]}}]"}}, {"model": "admin.logentry", "pk": 2390, "fields": {"action_time": "2021-04-07T07:08:46.591Z", "user": 9, "content_type": 8, "object_id": "7", "object_repr": "Tokyo Talkies", "action_flag": 2, "change_message": "[{\"changed\": {\"fields\": [\"Seller\"]}}]"}}, {"model": "admin.logentry", "pk": 2391, "fields": {"action_time": "2021-04-07T07:08:57.548Z", "user": 9, "content_type": 8, "object_id": "6", "object_repr": "Dillinger", "action_flag": 2, "change_message": "[{\"changed\": {\"fields\": [\"Seller\"]}}]"}}, {"model": "admin.logentry", "pk": 2392, "fields": {"action_time": "2021-04-07T07:25:21.003Z", "user": 9, "content_type": 11, "object_id": "2", "object_repr": "Order object (2)", "action_flag": 2, "change_message": "[{\"changed\": {\"fields\": [\"Seller\"]}}]"}}, {"model": "admin.logentry", "pk": 2393, "fields": {"action_time": "2021-04-07T07:25:28.179Z", "user": 9, "content_type": 11, "object_id": "1", "object_repr": "Order object (1)", "action_flag": 2, "change_message": "[{\"changed\": {\"fields\": [\"Seller\"]}}]"}}, {"model": "admin.logentry", "pk": 2394, "fields": {"action_time": "2021-04-08T16:20:32.056Z", "user": 9, "content_type": 11, "object_id": "6", "object_repr": "Order object (6)", "action_flag": 3, "change_message": ""}}, {"model": "admin.logentry", "pk": 2395, "fields": {"action_time": "2021-04-08T16:20:32.065Z", "user": 9, "content_type": 11, "object_id": "5", "object_repr": "Order object (5)", "action_flag": 3, "change_message": ""}}, {"model": "admin.logentry", "pk": 2396, "fields": {"action_time": "2021-04-08T16:20:32.074Z", "user": 9, "content_type": 11, "object_id": "4", "object_repr": "Order object (4)", "action_flag": 3, "change_message": ""}}, {"model": "admin.logentry", "pk": 2397, "fields": {"action_time": "2021-04-09T03:48:57.336Z", "user": 9, "content_type": 11, "object_id": "3", "object_repr": "Order object (3)", "action_flag": 2, "change_message": "[{\"changed\": {\"fields\": [\"Status\"]}}]"}}, {"model": "admin.logentry", "pk": 2398, "fields": {"action_time": "2021-04-11T15:22:19.176Z", "user": 9, "content_type": 8, "object_id": "19", "object_repr": "denim", "action_flag": 3, "change_message": ""}}, {"model": "admin.logentry", "pk": 2399, "fields": {"action_time": "2021-04-13T17:25:07.266Z", "user": 9, "content_type": 16, "object_id": "1", "object_repr": "Review object (1)", "action_flag": 3, "change_message": ""}}, {"model": "admin.logentry", "pk": 2400, "fields": {"action_time": "2021-04-13T17:29:52.204Z", "user": 9, "content_type": 16, "object_id": "3", "object_repr": "Review object (3)", "action_flag": 3, "change_message": ""}}, {"model": "admin.logentry", "pk": 2401, "fields": {"action_time": "2021-04-13T17:36:34.464Z", "user": 9, "content_type": 16, "object_id": "2", "object_repr": "Review object (2)", "action_flag": 3, "change_message": ""}}, {"model": "admin.logentry", "pk": 2402, "fields": {"action_time": "2021-04-14T13:22:27.634Z", "user": 9, "content_type": 18, "object_id": "1", "object_repr": "Transcation object (1)", "action_flag": 3, "change_message": ""}}, {"model": "admin.logentry", "pk": 2403, "fields": {"action_time": "2021-04-14T18:56:14.687Z", "user": 9, "content_type": 4, "object_id": "9", "object_repr": "shivam290701@gmail.com", "action_flag": 2, "change_message": "[{\"changed\": {\"fields\": [\"Username\", \"First name\", \"Last name\"]}}]"}}, {"model": "admin.logentry", "pk": 2404, "fields": {"action_time": "2021-04-14T19:08:48.284Z", "user": 9, "content_type": 4, "object_id": "9", "object_repr": "shiva", "action_flag": 2, "change_message": "[{\"changed\": {\"fields\": [\"Username\"]}}]"}}, {"model": "admin.logentry", "pk": 2405, "fields": {"action_time": "2021-04-14T19:09:47.715Z", "user": 9, "content_type": 4, "object_id": "10", "object_repr": "shivam2233", "action_flag": 3, "change_message": ""}}, {"model": "admin.logentry", "pk": 2406, "fields": {"action_time": "2021-04-14T19:12:28.016Z", "user": 9, "content_type": 4, "object_id": "11", "object_repr": "shivam2233", "action_flag": 3, "change_message": ""}}, {"model": "admin.logentry", "pk": 2407, "fields": {"action_time": "2021-04-14T19:17:36.368Z", "user": 9, "content_type": 4, "object_id": "12", "object_repr": "shivam2233", "action_flag": 3, "change_message": ""}}, {"model": "admin.logentry", "pk": 2408, "fields": {"action_time": "2021-04-14T19:19:16.535Z", "user": 9, "content_type": 4, "object_id": "13", "object_repr": "shivam2233", "action_flag": 3, "change_message": ""}}, {"model": "admin.logentry", "pk": 2409, "fields": {"action_time": "2021-04-14T19:21:42.585Z", "user": 9, "content_type": 4, "object_id": "14", "object_repr": "shivam2233", "action_flag": 3, "change_message": ""}}, {"model": "admin.logentry", "pk": 2410, "fields": {"action_time": "2021-04-14T19:23:19.222Z", "user": 9, "content_type": 4, "object_id": "15", "object_repr": "shivam2233", "action_flag": 3, "change_message": ""}}, {"model": "admin.logentry", "pk": 2411, "fields": {"action_time": "2021-04-14T19:27:08.201Z", "user": 9, "content_type": 4, "object_id": "16", "object_repr": "shivam2233", "action_flag": 3, "change_message": ""}}, {"model": "admin.logentry", "pk": 2412, "fields": {"action_time": "2021-04-14T19:31:07.833Z", "user": 9, "content_type": 4, "object_id": "17", "object_repr": "shivam2233", "action_flag": 3, "change_message": ""}}, {"model": "admin.logentry", "pk": 2413, "fields": {"action_time": "2021-04-14T19:41:24.039Z", "user": 9, "content_type": 4, "object_id": "18", "object_repr": "shivam2233", "action_flag": 3, "change_message": ""}}, {"model": "admin.logentry", "pk": 2414, "fields": {"action_time": "2021-04-14T19:43:13.234Z", "user": 9, "content_type": 4, "object_id": "19", "object_repr": "shivam2233", "action_flag": 3, "change_message": ""}}, {"model": "admin.logentry", "pk": 2415, "fields": {"action_time": "2021-04-16T05:04:42.984Z", "user": 9, "content_type": 16, "object_id": "7", "object_repr": "Review object (7)", "action_flag": 3, "change_message": ""}}, {"model": "admin.logentry", "pk": 2416, "fields": {"action_time": "2021-04-16T05:04:42.992Z", "user": 9, "content_type": 16, "object_id": "6", "object_repr": "Review object (6)", "action_flag": 3, "change_message": ""}}, {"model": "admin.logentry", "pk": 2417, "fields": {"action_time": "2021-04-16T05:04:42.996Z", "user": 9, "content_type": 16, "object_id": "5", "object_repr": "Review object (5)", "action_flag": 3, "change_message": ""}}, {"model": "admin.logentry", "pk": 2418, "fields": {"action_time": "2021-04-16T05:04:43.004Z", "user": 9, "content_type": 16, "object_id": "4", "object_repr": "Review object (4)", "action_flag": 3, "change_message": ""}}, {"model": "admin.logentry", "pk": 2419, "fields": {"action_time": "2021-04-16T05:05:00.614Z", "user": 9, "content_type": 16, "object_id": "9", "object_repr": "Review object (9)", "action_flag": 3, "change_message": ""}}, {"model": "admin.logentry", "pk": 2420, "fields": {"action_time": "2021-04-16T05:05:00.626Z", "user": 9, "content_type": 16, "object_id": "8", "object_repr": "Review object (8)", "action_flag": 3, "change_message": ""}}, {"model": "admin.logentry", "pk": 2421, "fields": {"action_time": "2021-04-16T05:09:52.899Z", "user": 9, "content_type": 16, "object_id": "13", "object_repr": "Review object (13)", "action_flag": 3, "change_message": ""}}, {"model": "admin.logentry", "pk": 2422, "fields": {"action_time": "2021-04-16T05:09:52.910Z", "user": 9, "content_type": 16, "object_id": "12", "object_repr": "Review object (12)", "action_flag": 3, "change_message": ""}}, {"model": "admin.logentry", "pk": 2423, "fields": {"action_time": "2021-04-16T05:09:52.920Z", "user": 9, "content_type": 16, "object_id": "11", "object_repr": "Review object (11)", "action_flag": 3, "change_message": ""}}, {"model": "admin.logentry", "pk": 2424, "fields": {"action_time": "2021-04-16T05:09:52.929Z", "user": 9, "content_type": 16, "object_id": "10", "object_repr": "Review object (10)", "action_flag": 3, "change_message": ""}}, {"model": "admin.logentry", "pk": 2425, "fields": {"action_time": "2021-04-16T05:56:14.328Z", "user": 9, "content_type": 17, "object_id": "1", "object_repr": "Message object (1)", "action_flag": 3, "change_message": ""}}, {"model": "admin.logentry", "pk": 2426, "fields": {"action_time": "2021-04-16T05:59:44.378Z", "user": 9, "content_type": 11, "object_id": "23", "object_repr": "Order object (23)", "action_flag": 3, "change_message": ""}}, {"model": "admin.logentry", "pk": 2427, "fields": {"action_time": "2021-04-16T05:59:44.393Z", "user": 9, "content_type": 11, "object_id": "22", "object_repr": "Order object (22)", "action_flag": 3, "change_message": ""}}, {"model": "admin.logentry", "pk": 2428, "fields": {"action_time": "2021-04-16T05:59:44.402Z", "user": 9, "content_type": 11, "object_id": "21", "object_repr": "Order object (21)", "action_flag": 3, "change_message": ""}}, {"model": "admin.logentry", "pk": 2429, "fields": {"action_time": "2021-04-16T05:59:44.410Z", "user": 9, "content_type": 11, "object_id": "20", "object_repr": "Order object (20)", "action_flag": 3, "change_message": ""}}, {"model": "admin.logentry", "pk": 2430, "fields": {"action_time": "2021-04-16T05:59:44.418Z", "user": 9, "content_type": 11, "object_id": "19", "object_repr": "Order object (19)", "action_flag": 3, "change_message": ""}}, {"model": "admin.logentry", "pk": 2431, "fields": {"action_time": "2021-04-16T05:59:44.426Z", "user": 9, "content_type": 11, "object_id": "18", "object_repr": "Order object (18)", "action_flag": 3, "change_message": ""}}, {"model": "admin.logentry", "pk": 2432, "fields": {"action_time": "2021-04-16T05:59:44.428Z", "user": 9, "content_type": 11, "object_id": "17", "object_repr": "Order object (17)", "action_flag": 3, "change_message": ""}}, {"model": "admin.logentry", "pk": 2433, "fields": {"action_time": "2021-04-16T05:59:44.439Z", "user": 9, "content_type": 11, "object_id": "16", "object_repr": "Order object (16)", "action_flag": 3, "change_message": ""}}, {"model": "admin.logentry", "pk": 2434, "fields": {"action_time": "2021-04-16T05:59:44.446Z", "user": 9, "content_type": 11, "object_id": "15", "object_repr": "Order object (15)", "action_flag": 3, "change_message": ""}}, {"model": "admin.logentry", "pk": 2435, "fields": {"action_time": "2021-04-16T05:59:44.452Z", "user": 9, "content_type": 11, "object_id": "14", "object_repr": "Order object (14)", "action_flag": 3, "change_message": ""}}, {"model": "admin.logentry", "pk": 2436, "fields": {"action_time": "2021-04-16T05:59:44.458Z", "user": 9, "content_type": 11, "object_id": "13", "object_repr": "Order object (13)", "action_flag": 3, "change_message": ""}}, {"model": "admin.logentry", "pk": 2437, "fields": {"action_time": "2021-04-16T05:59:44.464Z", "user": 9, "content_type": 11, "object_id": "12", "object_repr": "Order object (12)", "action_flag": 3, "change_message": ""}}, {"model": "admin.logentry", "pk": 2438, "fields": {"action_time": "2021-04-16T05:59:44.471Z", "user": 9, "content_type": 11, "object_id": "11", "object_repr": "Order object (11)", "action_flag": 3, "change_message": ""}}, {"model": "admin.logentry", "pk": 2439, "fields": {"action_time": "2021-04-16T05:59:44.476Z", "user": 9, "content_type": 11, "object_id": "9", "object_repr": "Order object (9)", "action_flag": 3, "change_message": ""}}, {"model": "admin.logentry", "pk": 2440, "fields": {"action_time": "2021-05-07T15:24:49.643Z", "user": 9, "content_type": 15, "object_id": "2", "object_repr": "Shivamkumar Tiwari", "action_flag": 3, "change_message": ""}}, {"model": "admin.logentry", "pk": 2441, "fields": {"action_time": "2021-05-07T15:27:45.715Z", "user": 9, "content_type": 8, "object_id": "20", "object_repr": "Shivamkumar Tiwari", "action_flag": 3, "change_message": ""}}, {"model": "admin.logentry", "pk": 2442, "fields": {"action_time": "2021-05-07T16:19:45.014Z", "user": 9, "content_type": 8, "object_id": "21", "object_repr": "Shivamkumar Tiwari", "action_flag": 3, "change_message": ""}}, {"model": "admin.logentry", "pk": 2443, "fields": {"action_time": "2021-05-08T19:09:51.481Z", "user": 9, "content_type": 11, "object_id": "27", "object_repr": "Order object (27)", "action_flag": 3, "change_message": ""}}, {"model": "admin.logentry", "pk": 2444, "fields": {"action_time": "2021-05-08T19:09:51.489Z", "user": 9, "content_type": 11, "object_id": "26", "object_repr": "Order object (26)", "action_flag": 3, "change_message": ""}}, {"model": "admin.logentry", "pk": 2445, "fields": {"action_time": "2021-05-08T19:09:51.498Z", "user": 9, "content_type": 11, "object_id": "25", "object_repr": "Order object (25)", "action_flag": 3, "change_message": ""}}, {"model": "admin.logentry", "pk": 2446, "fields": {"action_time": "2021-05-08T19:09:51.505Z", "user": 9, "content_type": 11, "object_id": "24", "object_repr": "Order object (24)", "action_flag": 3, "change_message": ""}}, {"model": "admin.logentry", "pk": 2447, "fields": {"action_time": "2021-05-08T19:09:51.513Z", "user": 9, "content_type": 11, "object_id": "10", "object_repr": "Order object (10)", "action_flag": 3, "change_message": ""}}, {"model": "admin.logentry", "pk": 2448, "fields": {"action_time": "2021-05-08T19:09:51.521Z", "user": 9, "content_type": 11, "object_id": "8", "object_repr": "Order object (8)", "action_flag": 3, "change_message": ""}}, {"model": "admin.logentry", "pk": 2449, "fields": {"action_time": "2021-05-08T19:09:51.527Z", "user": 9, "content_type": 11, "object_id": "7", "object_repr": "Order object (7)", "action_flag": 3, "change_message": ""}}, {"model": "admin.logentry", "pk": 2450, "fields": {"action_time": "2021-05-08T19:09:51.532Z", "user": 9, "content_type": 11, "object_id": "3", "object_repr": "Order object (3)", "action_flag": 3, "change_message": ""}}, {"model": "admin.logentry", "pk": 2451, "fields": {"action_time": "2021-05-08T19:09:51.541Z", "user": 9, "content_type": 11, "object_id": "2", "object_repr": "Order object (2)", "action_flag": 3, "change_message": ""}}, {"model": "admin.logentry", "pk": 2452, "fields": {"action_time": "2021-05-08T19:09:51.550Z", "user": 9, "content_type": 11, "object_id": "1", "object_repr": "Order object (1)", "action_flag": 3, "change_message": ""}}, {"model": "admin.logentry", "pk": 2453, "fields": {"action_time": "2021-05-08T19:24:30.594Z", "user": 9, "content_type": 9, "object_id": "11", "object_repr": "Customers object (11)", "action_flag": 2, "change_message": "[{\"changed\": {\"fields\": [\"User\"]}}]"}}, {"model": "admin.logentry", "pk": 2454, "fields": {"action_time": "2021-05-08T19:30:59.657Z", "user": 9, "content_type": 9, "object_id": "11", "object_repr": "Customers object (11)", "action_flag": 3, "change_message": ""}}, {"model": "admin.logentry", "pk": 2455, "fields": {"action_time": "2021-05-08T19:31:07.384Z", "user": 9, "content_type": 4, "object_id": "20", "object_repr": "shivam2233", "action_flag": 3, "change_message": ""}}, {"model": "admin.logentry", "pk": 2456, "fields": {"action_time": "2021-05-08T20:58:05.181Z", "user": 9, "content_type": 11, "object_id": "30", "object_repr": "Order object (30)", "action_flag": 2, "change_message": "[{\"changed\": {\"fields\": [\"Seller\"]}}]"}}, {"model": "admin.logentry", "pk": 2457, "fields": {"action_time": "2021-05-08T20:58:13.639Z", "user": 9, "content_type": 11, "object_id": "29", "object_repr": "Order object (29)", "action_flag": 2, "change_message": "[{\"changed\": {\"fields\": [\"Seller\"]}}]"}}, {"model": "admin.logentry", "pk": 2458, "fields": {"action_time": "2021-05-08T20:58:21.255Z", "user": 9, "content_type": 11, "object_id": "28", "object_repr": "Order object (28)", "action_flag": 2, "change_message": "[{\"changed\": {\"fields\": [\"Seller\"]}}]"}}, {"model": "admin.logentry", "pk": 2459, "fields": {"action_time": "2021-05-08T20:58:47.260Z", "user": 9, "content_type": 11, "object_id": "30", "object_repr": "Order object (30)", "action_flag": 3, "change_message": ""}}, {"model": "admin.logentry", "pk": 2460, "fields": {"action_time": "2021-05-08T20:58:47.267Z", "user": 9, "content_type": 11, "object_id": "29", "object_repr": "Order object (29)", "action_flag": 3, "change_message": ""}}, {"model": "admin.logentry", "pk": 2461, "fields": {"action_time": "2021-05-08T20:58:47.274Z", "user": 9, "content_type": 11, "object_id": "28", "object_repr": "Order object (28)", "action_flag": 3, "change_message": ""}}, {"model": "admin.logentry", "pk": 2462, "fields": {"action_time": "2021-05-11T12:39:56.626Z", "user": 9, "content_type": 9, "object_id": "14", "object_repr": "Customers object (14)", "action_flag": 1, "change_message": "[{\"added\": {}}]"}}, {"model": "auth.permission", "pk": 1, "fields": {"name": "Can add log entry", "content_type": 1, "codename": "add_logentry"}}, {"model": "auth.permission", "pk": 2, "fields": {"name": "Can change log entry", "content_type": 1, "codename": "change_logentry"}}, {"model": "auth.permission", "pk": 3, "fields": {"name": "Can delete log entry", "content_type": 1, "codename": "delete_logentry"}}, {"model": "auth.permission", "pk": 4, "fields": {"name": "Can view log entry", "content_type": 1, "codename": "view_logentry"}}, {"model": "auth.permission", "pk": 5, "fields": {"name": "Can add permission", "content_type": 2, "codename": "add_permission"}}, {"model": "auth.permission", "pk": 6, "fields": {"name": "Can change permission", "content_type": 2, "codename": "change_permission"}}, {"model": "auth.permission", "pk": 7, "fields": {"name": "Can delete permission", "content_type": 2, "codename": "delete_permission"}}, {"model": "auth.permission", "pk": 8, "fields": {"name": "Can view permission", "content_type": 2, "codename": "view_permission"}}, {"model": "auth.permission", "pk": 9, "fields": {"name": "Can add group", "content_type": 3, "codename": "add_group"}}, {"model": "auth.permission", "pk": 10, "fields": {"name": "Can change group", "content_type": 3, "codename": "change_group"}}, {"model": "auth.permission", "pk": 11, "fields": {"name": "Can delete group", "content_type": 3, "codename": "delete_group"}}, {"model": "auth.permission", "pk": 12, "fields": {"name": "Can view group", "content_type": 3, "codename": "view_group"}}, {"model": "auth.permission", "pk": 13, "fields": {"name": "Can add user", "content_type": 4, "codename": "add_user"}}, {"model": "auth.permission", "pk": 14, "fields": {"name": "Can change user", "content_type": 4, "codename": "change_user"}}, {"model": "auth.permission", "pk": 15, "fields": {"name": "Can delete user", "content_type": 4, "codename": "delete_user"}}, {"model": "auth.permission", "pk": 16, "fields": {"name": "Can view user", "content_type": 4, "codename": "view_user"}}, {"model": "auth.permission", "pk": 17, "fields": {"name": "Can add content type", "content_type": 5, "codename": "add_contenttype"}}, {"model": "auth.permission", "pk": 18, "fields": {"name": "Can change content type", "content_type": 5, "codename": "change_contenttype"}}, {"model": "auth.permission", "pk": 19, "fields": {"name": "Can delete content type", "content_type": 5, "codename": "delete_contenttype"}}, {"model": "auth.permission", "pk": 20, "fields": {"name": "Can view content type", "content_type": 5, "codename": "view_contenttype"}}, {"model": "auth.permission", "pk": 21, "fields": {"name": "Can add session", "content_type": 6, "codename": "add_session"}}, {"model": "auth.permission", "pk": 22, "fields": {"name": "Can change session", "content_type": 6, "codename": "change_session"}}, {"model": "auth.permission", "pk": 23, "fields": {"name": "Can delete session", "content_type": 6, "codename": "delete_session"}}, {"model": "auth.permission", "pk": 24, "fields": {"name": "Can view session", "content_type": 6, "codename": "view_session"}}, {"model": "auth.permission", "pk": 25, "fields": {"name": "Can add category", "content_type": 7, "codename": "add_category"}}, {"model": "auth.permission", "pk": 26, "fields": {"name": "Can change category", "content_type": 7, "codename": "change_category"}}, {"model": "auth.permission", "pk": 27, "fields": {"name": "Can delete category", "content_type": 7, "codename": "delete_category"}}, {"model": "auth.permission", "pk": 28, "fields": {"name": "Can view category", "content_type": 7, "codename": "view_category"}}, {"model": "auth.permission", "pk": 29, "fields": {"name": "Can add product", "content_type": 8, "codename": "add_product"}}, {"model": "auth.permission", "pk": 30, "fields": {"name": "Can change product", "content_type": 8, "codename": "change_product"}}, {"model": "auth.permission", "pk": 31, "fields": {"name": "Can delete product", "content_type": 8, "codename": "delete_product"}}, {"model": "auth.permission", "pk": 32, "fields": {"name": "Can view product", "content_type": 8, "codename": "view_product"}}, {"model": "auth.permission", "pk": 33, "fields": {"name": "Can add customers", "content_type": 9, "codename": "add_customers"}}, {"model": "auth.permission", "pk": 34, "fields": {"name": "Can change customers", "content_type": 9, "codename": "change_customers"}}, {"model": "auth.permission", "pk": 35, "fields": {"name": "Can delete customers", "content_type": 9, "codename": "delete_customers"}}, {"model": "auth.permission", "pk": 36, "fields": {"name": "Can view customers", "content_type": 9, "codename": "view_customers"}}, {"model": "auth.permission", "pk": 37, "fields": {"name": "Can add cart", "content_type": 10, "codename": "add_cart"}}, {"model": "auth.permission", "pk": 38, "fields": {"name": "Can change cart", "content_type": 10, "codename": "change_cart"}}, {"model": "auth.permission", "pk": 39, "fields": {"name": "Can delete cart", "content_type": 10, "codename": "delete_cart"}}, {"model": "auth.permission", "pk": 40, "fields": {"name": "Can view cart", "content_type": 10, "codename": "view_cart"}}, {"model": "auth.permission", "pk": 41, "fields": {"name": "Can add order", "content_type": 11, "codename": "add_order"}}, {"model": "auth.permission", "pk": 42, "fields": {"name": "Can change order", "content_type": 11, "codename": "change_order"}}, {"model": "auth.permission", "pk": 43, "fields": {"name": "Can delete order", "content_type": 11, "codename": "delete_order"}}, {"model": "auth.permission", "pk": 44, "fields": {"name": "Can view order", "content_type": 11, "codename": "view_order"}}, {"model": "auth.permission", "pk": 45, "fields": {"name": "Can add address", "content_type": 12, "codename": "add_address"}}, {"model": "auth.permission", "pk": 46, "fields": {"name": "Can change address", "content_type": 12, "codename": "change_address"}}, {"model": "auth.permission", "pk": 47, "fields": {"name": "Can delete address", "content_type": 12, "codename": "delete_address"}}, {"model": "auth.permission", "pk": 48, "fields": {"name": "Can view address", "content_type": 12, "codename": "view_address"}}, {"model": "auth.permission", "pk": 49, "fields": {"name": "Can add seller register", "content_type": 13, "codename": "add_sellerregister"}}, {"model": "auth.permission", "pk": 50, "fields": {"name": "Can change seller register", "content_type": 13, "codename": "change_sellerregister"}}, {"model": "auth.permission", "pk": 51, "fields": {"name": "Can delete seller register", "content_type": 13, "codename": "delete_sellerregister"}}, {"model": "auth.permission", "pk": 52, "fields": {"name": "Can view seller register", "content_type": 13, "codename": "view_sellerregister"}}, {"model": "auth.permission", "pk": 53, "fields": {"name": "Can add seller product", "content_type": 14, "codename": "add_sellerproduct"}}, {"model": "auth.permission", "pk": 54, "fields": {"name": "Can change seller product", "content_type": 14, "codename": "change_sellerproduct"}}, {"model": "auth.permission", "pk": 55, "fields": {"name": "Can delete seller product", "content_type": 14, "codename": "delete_sellerproduct"}}, {"model": "auth.permission", "pk": 56, "fields": {"name": "Can view seller product", "content_type": 14, "codename": "view_sellerproduct"}}, {"model": "auth.permission", "pk": 57, "fields": {"name": "Can add seller register", "content_type": 15, "codename": "add_sellerregister"}}, {"model": "auth.permission", "pk": 58, "fields": {"name": "Can change seller register", "content_type": 15, "codename": "change_sellerregister"}}, {"model": "auth.permission", "pk": 59, "fields": {"name": "Can delete seller register", "content_type": 15, "codename": "delete_sellerregister"}}, {"model": "auth.permission", "pk": 60, "fields": {"name": "Can view seller register", "content_type": 15, "codename": "view_sellerregister"}}, {"model": "auth.permission", "pk": 61, "fields": {"name": "Can add review", "content_type": 16, "codename": "add_review"}}, {"model": "auth.permission", "pk": 62, "fields": {"name": "Can change review", "content_type": 16, "codename": "change_review"}}, {"model": "auth.permission", "pk": 63, "fields": {"name": "Can delete review", "content_type": 16, "codename": "delete_review"}}, {"model": "auth.permission", "pk": 64, "fields": {"name": "Can view review", "content_type": 16, "codename": "view_review"}}, {"model": "auth.permission", "pk": 65, "fields": {"name": "Can add message", "content_type": 17, "codename": "add_message"}}, {"model": "auth.permission", "pk": 66, "fields": {"name": "Can change message", "content_type": 17, "codename": "change_message"}}, {"model": "auth.permission", "pk": 67, "fields": {"name": "Can delete message", "content_type": 17, "codename": "delete_message"}}, {"model": "auth.permission", "pk": 68, "fields": {"name": "Can view message", "content_type": 17, "codename": "view_message"}}, {"model": "auth.permission", "pk": 69, "fields": {"name": "Can add transcation", "content_type": 18, "codename": "add_transcation"}}, {"model": "auth.permission", "pk": 70, "fields": {"name": "Can change transcation", "content_type": 18, "codename": "change_transcation"}}, {"model": "auth.permission", "pk": 71, "fields": {"name": "Can delete transcation", "content_type": 18, "codename": "delete_transcation"}}, {"model": "auth.permission", "pk": 72, "fields": {"name": "Can view transcation", "content_type": 18, "codename": "view_transcation"}}, {"model": "auth.group", "pk": 1, "fields": {"name": "Seller", "permissions": []}}, {"model": "auth.user", "pk": 9, "fields": {"password": "pbkdf2_sha256$260000$TtinPdL25ullTqKgrGuQe6$vQkqKV91Juzyi7IYFsTjGzX9CVvOUJQmgUBqtBgxuZw=", "last_login": "2021-05-11T12:37:46.149Z", "is_superuser": true, "username": "shiva", "first_name": "Shivam", "last_name": "Tiwari", "email": "arjunreddy2907@gmail.com", "is_staff": true, "is_active": true, "date_joined": "2021-04-04T16:05:58Z", "groups": [], "user_permissions": []}}, {"model": "auth.user", "pk": 21, "fields": {"password": "pbkdf2_sha256$260000$21PBFdWIxvhZwL6xIzGstP$7+hL/6BeE3sxJYIbYyYQR++c/2bvz1aDXqqtr8KKOJU=", "last_login": "2021-05-09T06:02:05.078Z", "is_superuser": false, "username": "shivam", "first_name": "Shivam", "last_name": "Tiwari", "email": "ecommshop637@gmail.com", "is_staff": false, "is_active": true, "date_joined": "2021-05-08T19:32:54.136Z", "groups": [], "user_permissions": []}}, {"model": "auth.user", "pk": 22, "fields": {"password": "pbkdf2_sha256$260000$hFSUlkGTAXL5hRbfsJkmT1$XvCHANhisL0I4SMr+YYZDmDVS5kNnX6EWcHy3+n0t/Y=", "last_login": "2021-05-09T06:06:33.025Z", "is_superuser": false, "username": "arjun", "first_name": "Arjun", "last_name": "Reddy", "email": "shivam290701@gmail.com", "is_staff": false, "is_active": true, "date_joined": "2021-05-09T06:05:49.529Z", "groups": [], "user_permissions": []}}, {"model": "contenttypes.contenttype", "pk": 1, "fields": {"app_label": "admin", "model": "logentry"}}, {"model": "contenttypes.contenttype", "pk": 2, "fields": {"app_label": "auth", "model": "permission"}}, {"model": "contenttypes.contenttype", "pk": 3, "fields": {"app_label": "auth", "model": "group"}}, {"model": "contenttypes.contenttype", "pk": 4, "fields": {"app_label": "auth", "model": "user"}}, {"model": "contenttypes.contenttype", "pk": 5, "fields": {"app_label": "contenttypes", "model": "contenttype"}}, {"model": "contenttypes.contenttype", "pk": 6, "fields": {"app_label": "sessions", "model": "session"}}, {"model": "contenttypes.contenttype", "pk": 7, "fields": {"app_label": "home", "model": "category"}}, {"model": "contenttypes.contenttype", "pk": 8, "fields": {"app_label": "home", "model": "product"}}, {"model": "contenttypes.contenttype", "pk": 9, "fields": {"app_label": "home", "model": "customers"}}, {"model": "contenttypes.contenttype", "pk": 10, "fields": {"app_label": "home", "model": "cart"}}, {"model": "contenttypes.contenttype", "pk": 11, "fields": {"app_label": "home", "model": "order"}}, {"model": "contenttypes.contenttype", "pk": 12, "fields": {"app_label": "home", "model": "address"}}, {"model": "contenttypes.contenttype", "pk": 13, "fields": {"app_label": "home", "model": "sellerregister"}}, {"model": "contenttypes.contenttype", "pk": 14, "fields": {"app_label": "seller", "model": "sellerproduct"}}, {"model": "contenttypes.contenttype", "pk": 15, "fields": {"app_label": "seller", "model": "sellerregister"}}, {"model": "contenttypes.contenttype", "pk": 16, "fields": {"app_label": "home", "model": "review"}}, {"model": "contenttypes.contenttype", "pk": 17, "fields": {"app_label": "home", "model": "message"}}, {"model": "contenttypes.contenttype", "pk": 18, "fields": {"app_label": "home", "model": "transcation"}}, {"model": "sessions.session", "pk": "3l24nku05xlr9891zohmh17ry5x4qgh0", "fields": {"session_data": "ZDExZTQ5NDk4NTI4N2EzOWYzY2I5MDJhMjgyZWM1NDdmOGYxZDU0Zjp7Il9hdXRoX3VzZXJfaWQiOiI5IiwiX2F1dGhfdXNlcl9iYWNrZW5kIjoiZGphbmdvLmNvbnRyaWIuYXV0aC5iYWNrZW5kcy5Nb2RlbEJhY2tlbmQiLCJfYXV0aF91c2VyX2hhc2giOiJiMzRlODUyNDI4NTNhNjAxYmZlZGQ1YzYwZWEzZDRjNDQwYmY1MTIzIn0=", "expire_date": "2021-04-18T16:06:17.018Z"}}, {"model": "sessions.session", "pk": "422f4v5s47kst41mda4px9uun0meff0q", "fields": {"session_data": ".eJxVjMEOwiAQRP-FsyFlt1Dq0Xu_gSywSNVAUtqT8d9tkx70Npn3Zt7C0bZmtzVe3BzFVYASl9_SU3hyOUh8ULlXGWpZl9nLQ5EnbXKqkV-30_07yNTyvk4WORGwUqCZO9QGg2VMSXujrOmH0RAR9Dhg9MZ48Ml2sCcNNlAYxecLCk04Bw:1lfSvn:JiFCibjW04irZ5ENtt0nBMf3UMkMq10Sbvd9LnRLfH8", "expire_date": "2021-05-22T19:48:07.282Z"}}, {"model": "sessions.session", "pk": "9yn09ge09s8nh2xkdvctfd0btku0r64h", "fields": {"session_data": ".eJxVjDsOwjAQBe_iGlnO-hdT0nMGa9fe4ACypTipEHeHSCmgfTPzXiLitpa4dV7inMVZBHH63QjTg-sO8h3rrcnU6rrMJHdFHrTLa8v8vBzu30HBXr61AzYK9GBAWdTOW8MuEYIJAN5N2QIqHr0nsBMqJPI8aAOYU1ZuDCDeH7oYNy8:1lfSeo:8Xppf3XJCMnNR66VK0lW2uA2ES-OQ4EmDdaBHkcfSfM", "expire_date": "2021-05-22T19:30:34.684Z"}}, {"model": "sessions.session", "pk": "as66xu4ij3oknqx3fedymjazosdchooe", "fields": {"session_data": "ZDZhMGU2ZGUwZTdhZDNkMTc1NzZiNDA0YjZhNTcyZmE2NTkxNmNjNjp7InNlbGxlciI6MX0=", "expire_date": "2021-04-20T07:09:48.699Z"}}, {"model": "sessions.session", "pk": "ejpugdkovdbm83gr2zv6dek7xfzgeqom", "fields": {"session_data": ".eJxVjDsOwjAQBe_iGlnO-hdT0nMGa9fe4ACypTipEHeHSCmgfTPzXiLitpa4dV7inMVZBHH63QjTg-sO8h3rrcnU6rrMJHdFHrTLa8v8vBzu30HBXr61AzYK9GBAWdTOW8MuEYIJAN5N2QIqHr0nsBMqJPI8aAOYU1ZuDCDeH7oYNy8:1lgRdy:zkACnrj-11laIwUf0HtH0Fkxv25hSZ6r0UsxCIMPI_o", "expire_date": "2021-05-25T12:37:46.157Z"}}, {"model": "sessions.session", "pk": "gm64cp48cj2w4ewsbo2rbvdgzy4620p0", "fields": {"session_data": "Mzc1ODRhZmNhYjg0ZDNkZDBmNWZlNzcyZDg5YzlhZmE0ZmVjNDIwZjp7Il9hdXRoX3VzZXJfaWQiOiIxIiwiX2F1dGhfdXNlcl9iYWNrZW5kIjoiZGphbmdvLmNvbnRyaWIuYXV0aC5iYWNrZW5kcy5Nb2RlbEJhY2tlbmQiLCJfYXV0aF91c2VyX2hhc2giOiJmM2MzYmRiYmFhYTkzMzBkYjBhMDg0ZTBhOWViOTg3MmE1ZGFlMDU1In0=", "expire_date": "2021-04-08T14:16:09.078Z"}}, {"model": "sessions.session", "pk": "na5lu0r8kkdbp2y4fkziu4ohrb77h850", "fields": {"session_data": ".eJxVjDsOwjAQBe_iGlnO-hdT0nMGa9fe4ACypTipEHeHSCmgfTPzXiLitpa4dV7inMVZBHH63QjTg-sO8h3rrcnU6rrMJHdFHrTLa8v8vBzu30HBXr61AzYK9GBAWdTOW8MuEYIJAN5N2QIqHr0nsBMqJPI8aAOYU1ZuDCDeH7oYNy8:1lfcb1:oXuMgCLB1h-GfIx7NzpMcpRSdEOD7JxeuYUvPms8lEU", "expire_date": "2021-05-23T06:07:19.376Z"}}, {"model": "sessions.session", "pk": "ns9qdmq9992z2ofbwt3yrkml0jqw8sqm", "fields": {"session_data": ".eJxVjMEOwiAQRP-FsyFlt1Dq0Xu_gSywSNVAUtqT8d9tkx70Npn3Zt7C0bZmtzVe3BzFVYASl9_SU3hyOUh8ULlXGWpZl9nLQ5EnbXKqkV-30_07yNTyvk4WORGwUqCZO9QGg2VMSXujrOmH0RAR9Dhg9MZ48Ml2sCcNNlAYxecLCk04Bw:1lfSn2:Pixp9ZYcoIcEQX2adRMjHYn857glDPFwS263LQTr2Og", "expire_date": "2021-05-22T19:39:04.965Z"}}, {"model": "sessions.session", "pk": "rl6e7pt400moxox0nahtx8wdsobicqbm", "fields": {"session_data": "ODdkYWFjMWM4NDAzYmRhODViMzQ2MWNiNTU0OWU1YmQ1NTJhOTE2Yzp7Il9hdXRoX3VzZXJfaWQiOiI5IiwiX2F1dGhfdXNlcl9iYWNrZW5kIjoiZGphbmdvLmNvbnRyaWIuYXV0aC5iYWNrZW5kcy5Nb2RlbEJhY2tlbmQiLCJfYXV0aF91c2VyX2hhc2giOiIwNTU4ZDU4ODk0OGNiZTc0YmZlN2QwYTAwNjBlYWFiMzc5Y2I3MzEyIn0=", "expire_date": "2021-05-07T13:52:29.215Z"}}, {"model": "sessions.session", "pk": "rolrec0kvhf2pghpk29dskxkfznjn2q8", "fields": {"session_data": "eyJzZWxsZXIiOjJ9:1lf3DF:88X1zvfKSkL9FSp6fJXtq9EP8Pvgdc0BA0NRHhLl4QQ", "expire_date": "2021-05-21T16:20:25.418Z"}}, {"model": "sessions.session", "pk": "s1bcqmjs6hzcegpew5gp02ouvwq0yk5m", "fields": {"session_data": "Mzc1ODRhZmNhYjg0ZDNkZDBmNWZlNzcyZDg5YzlhZmE0ZmVjNDIwZjp7Il9hdXRoX3VzZXJfaWQiOiIxIiwiX2F1dGhfdXNlcl9iYWNrZW5kIjoiZGphbmdvLmNvbnRyaWIuYXV0aC5iYWNrZW5kcy5Nb2RlbEJhY2tlbmQiLCJfYXV0aF91c2VyX2hhc2giOiJmM2MzYmRiYmFhYTkzMzBkYjBhMDg0ZTBhOWViOTg3MmE1ZGFlMDU1In0=", "expire_date": "2021-04-08T14:27:28.006Z"}}, {"model": "sessions.session", "pk": "tho0kwou5ytjpjg8saibutgt98ctceis", "fields": {"session_data": ".eJxVjDsOwjAQBe_iGlnO-hdT0nMGa9fe4ACypTipEHeHSCmgfTPzXiLitpa4dV7inMVZBHH63QjTg-sO8h3rrcnU6rrMJHdFHrTLa8v8vBzu30HBXr61AzYK9GBAWdTOW8MuEYIJAN5N2QIqHr0nsBMqJPI8aAOYU1ZuDCDeH7oYNy8:1lcCax:VExecGUaFsKrMd5Iwj3ium6CWbUFpYBqFye40Z7h3fM", "expire_date": "2021-05-13T19:45:07.666Z"}}, {"model": "home.category", "pk": 1, "fields": {"type": "Men's  cloth", "clas": "fa fa-male"}}, {"model": "home.category", "pk": 2, "fields": {"type": "Women's cloth", "clas": "fa fa-female"}}, {"model": "home.category", "pk": 3, "fields": {"type": "Kid's and Babies cloth", "clas": "fa fa-child"}}, {"model": "home.category", "pk": 4, "fields": {"type": "Electronics", "clas": "fa fa-mobile-alt"}}, {"model": "home.customers", "pk": 12, "fields": {"user": 21, "mobile": 4567876567, "state": "Maharashtra", "city": "Mumbai", "pincode": 400101}}, {"model": "home.customers", "pk": 13, "fields": {"user": 22, "mobile": 4567876567, "state": "Maharashtra", "city": "Mumbai", "pincode": 400101}}, {"model": "home.customers", "pk": 14, "fields": {"user": 9, "mobile": 4567876567, "state": "Maharashtra", "city": "Mumbai", "pincode": 400101}}, {"model": "home.product", "pk": 3, "fields": {"seller": null, "name": "DENNIS LINGO", "category": 1, "price": 449, "dis_price": 599, "desc": "Men Regular Fit Solid Spread Collar Casual Shirt", "image": "images/m-maroon123-peter-field-original-imafy9npfutfymhg_yKkyt2A.jpeg", "image1": "images/m-maroon123-peter-field-original-imafy9npfspw2g7y_7rVw6gy.jpeg", "image2": "images/m-maroon123-peter-field-original-imafy9nprnqzadaa_eOpwtso.jpeg", "image3": "images/m-maroon123-peter-field-original-imafy9npsxggzhbb_F8H9MwX.jpeg", "offer": false, "date": "2021-03-25"}}, {"model": "home.product", "pk": 4, "fields": {"seller": null, "name": "HIGHLANDER", "category": 1, "price": 549, "dis_price": 599, "desc": "Men Slim Fit Checkered Cut Away Collar Casual Shirt", "image": "images/s-st-hf03-bosque-original-imafvhugjbgz32zy_ptm6hOU.jpeg", "image1": "images/s-st-hf03-bosque-original-imafvhugytyauevy_g2DN4H4.jpeg", "image2": "images/s-st-hf03-bosque-original-imafvhugutumtvrb_57xPzbH.jpeg", "image3": "images/s-st-hf03-bosque-original-imafvhuggzu7cgzs_HEls0BH.jpeg", "offer": false, "date": "2021-03-25"}}, {"model": "home.product", "pk": 5, "fields": {"seller": null, "name": "PETER ENGLAND", "category": 1, "price": 599, "dis_price": 699, "desc": "Men Slim Fit Striped Spread Collar Shirt", "image": "images/xxl-sshh-chi-8-jai-textiles-original-imafa9g9zzgvrfxx_NFMWb8U.jpeg", "image1": "images/xxl-sshh-chi-8-jai-textiles-original-imafa9g9hkgz6wsh_iUFXo70.jpeg", "image2": "images/xxl-sshh-chi-8-jai-textiles-original-imafa9g9ktgybzdp_Z9xRCC6.jpeg", "image3": "images/xxl-sshh-chi-8-jai-textiles-original-imafa9g9njbsfmaq_nxKIpwu.jpeg", "offer": false, "date": "2021-03-25"}}, {"model": "home.product", "pk": 6, "fields": {"seller": null, "name": "Dillinger", "category": 1, "price": 649, "dis_price": 699, "desc": "Full Sleeve Solid Men Bomber Jacket", "image": "images/xxl-c301-black-dennis-lingo-original-imafw2gg2n7ygpwv_uskFwlG.jpeg", "image1": "images/l-c301-black-dennis-lingo-original-imafgeu6xaguz235_WVH6USm.jpeg", "image2": "images/l-c301-black-dennis-lingo-original-imafgeu6wr5r2auj_BhYZ7gS.jpeg", "image3": "images/l-c301-black-dennis-lingo-original-imafgeu6s99rtxpg_5FfvZXu.jpeg", "offer": false, "date": "2021-03-25"}}, {"model": "home.product", "pk": 7, "fields": {"seller": null, "name": "Tokyo Talkies", "category": 2, "price": 499, "dis_price": 599, "desc": "Casual Sleeveless Striped Women Multicolor Top", "image": "images/m-tttp003743-tokyo-talkies-original-imafuhgdehst2ryy.jpeg", "image1": "images/m-tttp003743-tokyo-talkies-original-imafuhgdbayeqff2.jpeg", "image2": "images/m-tttp003743-tokyo-talkies-original-imafuhgee4snzxws.jpeg", "image3": "images/m-tttp003743-tokyo-talkies-original-imafuhgepvr9mfvf.jpeg", "offer": false, "date": "2021-03-25"}}, {"model": "home.product", "pk": 8, "fields": {"seller": null, "name": "SILKOVA", "category": 2, "price": 499, "dis_price": 599, "desc": "Casual Cutout Sleeve Solid Women Red Top", "image": "images/m-anshu-36-anshu-fashions-original-imafgnzxweesuqgp_qtce4bg.jpeg", "image1": "images/xxl-anshu-36-anshu-fashions-original-imafgnzxn3ssrhjr_oVX2cgE.jpeg", "image2": "images/s-anshu-36-anshu-fashions-original-imafgnzubfhet7yt_Da3UJEp.jpeg", "image3": "images/xxl-anshu-36-anshu-fashions-original-imafgnzwuvragdhg_yhVvvl6.jpeg", "offer": false, "date": "2021-03-25"}}, {"model": "home.product", "pk": 9, "fields": {"seller": null, "name": "MONTREZ", "category": 2, "price": 599, "dis_price": 699, "desc": "Full Sleeve Solid Women Denim Jacket", "image": "images/s-mntnw-4023-montrez-original-imaftv27jsjzubrb_mX2FbKi.jpeg", "image1": "images/s-mntnw-4023-montrez-original-imaftv26y8dkm4h6_XpBsJix.jpeg", "image2": "images/s-mntnw-4023-montrez-original-imaftv26zgtbbrep_R1C3cmb.jpeg", "image3": "images/s-mntnw-4023-montrez-original-imaftv267hfqhznd_fihzQSM.jpeg", "offer": false, "date": "2021-03-25"}}, {"model": "home.product", "pk": 10, "fields": {"seller": null, "name": "JOLSTER", "category": 2, "price": 549, "dis_price": 599, "desc": "Color Block Women Round Neck White, Black, Yellow T-Shirt", "image": "images/m-dn-kt79-duenite-original-imafwyuywhtfr6jz_vRI7AhI.jpeg", "image1": "images/xl-vr-kt79-vero-lie-original-imafp8wej2bfz9zg_sI1RNlK.jpeg", "image2": "images/l-vr-kt79-vero-lie-original-imafp8vxdt4wrpaw_qrUafKU.jpeg", "image3": "images/m-vr-kt79-vero-lie-original-imafp8vjxbszm8rs_GJHQSgL.jpeg", "offer": false, "date": "2021-03-25"}}, {"model": "home.product", "pk": 11, "fields": {"seller": null, "name": "Tokyo Talkies", "category": 2, "price": 599, "dis_price": 699, "desc": "Casual No Sleeve Printed Women Pink Top", "image": "images/m-tp37a-metro-fashion-original-imafwyz8ems4dygw_h0pvAVa.jpeg", "image1": "images/xxl-tp37a-metro-fashion-mf17tp37axxl-original-imafgj984w32xg8b_ofwJPHz.jpeg", "image2": "images/xxl-tp37a-metro-fashion-mf17tp37axxl-original-imafgj98azquqsuw_E3WLve4.jpeg", "image3": "images/xxl-tp37a-metro-fashion-mf17tp37axxl-original-imafgj98knsfu6jq_S47bEOC.jpeg", "offer": false, "date": "2021-03-25"}}, {"model": "home.product", "pk": 12, "fields": {"seller": null, "name": "Liplop Fashion", "category": 2, "price": 499, "dis_price": 599, "desc": "Jogger Fit Women Blue Jeans", "image": "images/28-button-15-saira-fashion-original-imafw7p9uqpp7suf_iobOGME.jpeg", "image1": "images/28-button-15-saira-fashion-original-imafw7p9fdczzjes_d7w33Kt.jpeg", "image2": "images/28-button-15-saira-fashion-original-imafw7p99mnzdwpa_YoDjDCO.jpeg", "image3": "images/28-button-15-saira-fashion-original-imafw7p9zhvwzrf7_UXSWTXr.jpeg", "offer": false, "date": "2021-03-25"}}, {"model": "home.product", "pk": 13, "fields": {"seller": null, "name": "Redmi 9 Prime (Space Blue, 64 GB)  (4 GB RAM)", "category": 4, "price": 9999, "dis_price": 11999, "desc": "Highlights4 GB RAM | 64 GB ROM | Expandable Upto 512 GB16.59 cm (6.53 inch) Full HD+ Display13MP Rear Camera | 8MP Front Camera5020 mAh BatteryMediaTek Helio G80 Processor", "image": "images/mi-redmi-9-prime-m2004j191-original-imafutb5637bes8y.jpeg", "image1": "images/mi-redmi-9-prime-m2004j191-original-imafutb5szbnaz7d.jpeg", "image2": "images/mi-redmi-9-prime-m2004j191-original-imafutb5nr4bmhgn.jpeg", "image3": "images/mi-redmi-9-prime-m2004j191-m2004j19i-mzb9763in-original-imafzduurwcbwnhb.jpeg", "offer": false, "date": "2021-03-26"}}, {"model": "home.product", "pk": 14, "fields": {"seller": null, "name": "realme 7 (Mist Blue, 64 GB)  (6 GB RAM)", "category": 4, "price": 13999, "dis_price": 14999, "desc": "Highlights6 GB RAM | 64 GB ROM | Expandable Upto 256 GB16.51 cm (6.5 inch) Full HD+ Display64MP + 8MP + 2MP + 2MP | 16MP Front Camera5000 mAh Lithium-ion BatteryMediaTek Helio G95 Processor", "image": "images/realme-7-rmx2151-original-imafv7fzhnxkmdhx.jpeg", "image1": "images/realme-7-rmx2151-original-imafv7fwqjfqqvwy.jpeg", "image2": "images/realme-7-rmx2151-original-imafv723nhyxgzhd.jpeg", "image3": "images/realme-7-rmx2151-original-imafv722zhzbay2u.jpeg", "offer": false, "date": "2021-03-26"}}, {"model": "home.product", "pk": 22, "fields": {"seller": null, "name": "Surhi", "category": 1, "price": 399, "dis_price": 549, "desc": "Men Slim Fit Color Block Spread Collar Casual Shirt", "image": "images/4-5-years-kbs-try-this-original-imafx5qx9aatphw7.jpeg", "image1": "images/xl-bss-try-this-original-imafvvaemgfcgevj.jpeg", "image2": "", "image3": "", "offer": false, "date": "2021-05-07"}}, {"model": "home.product", "pk": 23, "fields": {"seller": null, "name": "FUBAR", "category": 1, "price": 449, "dis_price": 599, "desc": "Men Slim Fit Striped Mandarin Collar Casual Shirt", "image": "images/m-skcsh-1106-mao-fubar-original-imafycz57zg2hdnm.jpeg", "image1": "images/m-skcsh-1106-mao-fubar-original-imafycz5fztuvaky.jpeg", "image2": "images/xl-kcsh-cut1106-ma-fubar-original-imafycz5mj2bypqf.jpeg", "image3": "images/l-skcsh-1106-mao-fubar-original-imafy7z4xwrpxte7.jpeg", "offer": false, "date": "2021-05-07"}}, {"model": "home.product", "pk": 24, "fields": {"seller": null, "name": "QLONZ", "category": 1, "price": 599, "dis_price": 699, "desc": "Men Slim Fit Color Block Casual Shirt", "image": "images/m-cb-chaina-black-tap-in-original-imafjn5rmceg9ych.jpeg", "image1": "images/m-cb-chaina-black-tap-in-original-imafjn5rg8kh68hx.jpeg", "image2": "images/m-cb-chaina-black-tap-in-original-imafjn5rjdhhyjrh.jpeg", "image3": "", "offer": false, "date": "2021-05-07"}}, {"model": "home.product", "pk": 25, "fields": {"seller": null, "name": "LZARD", "category": 1, "price": 549, "dis_price": 699, "desc": "Regular Men Light Blue Jeans", "image": "images/36-lj3160-lzard-original-imafw2hyfqhzxjaq.jpeg", "image1": "images/36-lj3160-lzard-original-imafw2hyfbgyzkjp.jpeg", "image2": "images/36-lj3160-lzard-original-imafw2hyfuxgyz69.jpeg", "image3": "images/36-lj3160-lzard-original-imafw2hynj5amfdg.jpeg", "offer": false, "date": "2021-05-07"}}, {"model": "home.product", "pk": 26, "fields": {"seller": null, "name": "DARZI", "category": 2, "price": 399, "dis_price": 499, "desc": "Casual 3/4 Sleeve Printed Women Multicolor Top", "image": "images/s-darzi-7465-darzi-original-imafwyzfhrwvkvgh.jpeg", "image1": "images/s-tandul-7465-tandul-original-imaf5kzjumenjgjh.jpeg", "image2": "images/s-tandul-7465-tandul-original-imaf5kzjpwnbqgzg.jpeg", "image3": "images/s-tandul-7465-tandul-original-imaf5kzjndjkn8qb.jpeg", "offer": false, "date": "2021-05-07"}}, {"model": "home.product", "pk": 27, "fields": {"seller": null, "name": "FEBIA", "category": 2, "price": 599, "dis_price": 699, "desc": "Casual Bell Sleeve Printed Women Pink Top", "image": "images/l-bj-top302-febia-original-imafphhkpyrftcyp.jpeg", "image1": "images/xl-bj-top302-febia-original-imafphhk32fxwx8g.jpeg", "image2": "images/m-bj-top302-febia-original-imafphhk43mfkhya.jpeg", "image3": "", "offer": false, "date": "2021-05-07"}}, {"model": "home.product", "pk": 28, "fields": {"seller": null, "name": "Boult", "category": 4, "price": 1199, "dis_price": 1599, "desc": "Boult Audio ProBass Curve Neckband Bluetooth Headset", "image": "images/curve-wireless-neckband-magnetic-earphone-with-mic-boult-audio-original-imafugzfb8bzurhp.jpeg", "image1": "images/curve-wireless-neckband-magnetic-earphone-with-mic-boult-audio-original-imafugytjt9weyfa.jpeg", "image2": "images/curve-wireless-neckband-magnetic-earphone-with-mic-boult-audio-original-imafugytsys9gqdv.jpeg", "image3": "images/curve-wireless-neckband-magnetic-earphone-with-mic-boult-audio-original-imafugz36umhcpcg.jpeg", "offer": false, "date": "2021-05-07"}}, {"model": "home.product", "pk": 29, "fields": {"seller": null, "name": "Boult", "category": 4, "price": 1999, "dis_price": 2299, "desc": "CASADOMANI I7S True Twins With Mic Sports Earphone With Charging Box Bluetooth Headset", "image": "images/i7s-true-twins-with-mic-sports-earphone-with-charging-box-original-imafwgky7qjrtebk.jpeg", "image1": "images/i7s-earphone-with-portable-charging-case-wireless-with-sensor-original-imafv5hcs53r32yg.jpeg", "image2": "images/i7s-tws-mini-bluetooth-headset-lehza-original-imaftjrazwzzvmug.jpeg", "image3": "images/i7s-wireless-true-stereo-with-charger-box-for-android-smart-original-imaftjzjsgq27atf.jpeg", "offer": false, "date": "2021-05-07"}}, {"model": "home.product", "pk": 30, "fields": {"seller": null, "name": "Tripr", "category": 3, "price": 399, "dis_price": 499, "desc": "Boys Printed Cotton Blend T Shirt  (Multicolor, Pack of 3)", "image": "images/5-6-years-tnv-rd-blrnfulboy-lion-tripr-original-imafv7dutphjjpez.jpeg", "image1": "images/12-13-years-tnv-rd-blrnfulboy-lion-tripr-original-imafv7dubyp82ex7.jpeg", "image2": "", "image3": "", "offer": false, "date": "2021-05-08"}}, {"model": "home.product", "pk": 31, "fields": {"seller": null, "name": "SKECHITE", "category": 3, "price": 499, "dis_price": 599, "desc": "Boys & Girls Graphic Print Pure Cotton T Shirt", "image": "images/10-11-years-as-13-skechite-original-imagyayrc5tfhgbw.jpeg", "image1": "images/10-11-years-as-13-skechite-original-imagyayrbczkushf.jpeg", "image2": "", "image3": "", "offer": false, "date": "2021-05-08"}}, {"model": "home.product", "pk": 32, "fields": {"seller": null, "name": "Tripr", "category": 3, "price": 349, "dis_price": 499, "desc": "Full Sleeve Colorblock Boys Casual Jacket", "image": "images/7-8-years-tblrdwthdfulboyjacket-k15-tripr-original-imafv3mfazhu4srr.jpeg", "image1": "images/9-10-years-tblrdwthdfulboyjacket-k15-tripr-original-imafv3n5hwnrfccv.jpeg", "image2": "", "image3": "", "offer": false, "date": "2021-05-08"}}, {"model": "home.product", "pk": 33, "fields": {"seller": null, "name": "TOON TOON", "category": 3, "price": 599, "dis_price": 699, "desc": "Full Sleeve Printed Boys & Girls Sweatshirt", "image": "images/11-12-years-tt-hodi-a-toon-toon-original-imafurat5nqy3gtf.jpeg", "image1": "images/5-6-years-tt-hodi-a-toon-toon-original-imafuratfzewxfuw.jpeg", "image2": "", "image3": "", "offer": false, "date": "2021-05-08"}}, {"model": "home.product", "pk": 34, "fields": {"seller": null, "name": "FM KIDS", "category": 3, "price": 599, "dis_price": 649, "desc": "Jogger Fit Boys Light Blue Jeans", "image": "images/2-3-years-fkjn5306-fm-kids-original-imagfqbedmrwffdg.jpeg", "image1": "images/4-5-years-fkjn5306-fm-kids-original-imagy7xbdhp5gdzu.jpeg", "image2": "", "image3": "", "offer": false, "date": "2021-05-08"}}, {"model": "home.cart", "pk": 28, "fields": {"user": null, "product": null, "quantity": 1, "total": 399}}, {"model": "home.order", "pk": 31, "fields": {"user": 9, "seller": null, "product": 3, "quantity": 1, "amount": 449, "order_id": "", "status": "Pending", "paid": false, "date": "2021-05-11"}}, {"model": "home.order", "pk": 32, "fields": {"user": 9, "seller": null, "product": 3, "quantity": 1, "amount": 449, "order_id": "", "status": "Pending", "paid": false, "date": "2021-05-11"}}, {"model": "home.address", "pk": 27, "fields": {"user": null, "address": "mumbai,kandivali"}}, {"model": "home.address", "pk": 28, "fields": {"user": null, "address": "mumbai,kandivali"}}, {"model": "home.address", "pk": 29, "fields": {"user": 9, "address": "Kandivali east, Thakur complex.Gokul galaxy  Mumbai  Maharashtra - 400101"}}, {"model": "home.address", "pk": 30, "fields": {"user": 21, "address": "Kandivali east, Thakur complex.Gokul galaxy  Mumbai  Maharashtra - 400101"}}, {"model": "home.review", "pk": 14, "fields": {"product": 3, "user": 9, "review": "Good Product!!", "date": "2021-04-16"}}, {"model": "home.review", "pk": 15, "fields": {"product": 3, "user": 9, "review": "Nice", "date": "2021-04-16"}}, {"model": "home.message", "pk": 2, "fields": {"name": "Shivam Tiwari", "email": "shivam290701@gmail.com", "subject": "Product", "message": "gsgsghshshsh"}}, {"model": "seller.sellerregister", "pk": 1, "fields": {"name": "Shivam Tiwari", "mobile": 918898964780, "email": "shivam290701@gmail.com", "password": "pbkdf2_sha256$180000$3nasRyUO03CB$iXWlcNSg3Uw9sm5Sdd1Yx5y/iG7UDiMBVk5A3yZg8IU=", "state": "Maharashtra", "city": "mumbai", "pincode": 400101, "pickup_address": "mumbai,kandivali"}}, {"model": "seller.sellerregister", "pk": 2, "fields": {"name": "Shivamkumar Tiwari", "mobile": 4567876567, "email": "arjunreddy2907@gmail.com", "password": "pbkdf2_sha256$260000$dVcrf4Y5epN9MjQlM8V1SF$gxOUubfu2mTEI28N6hVdhBros58/lB8Stgd0Xe/62Pk=", "state": "Maharashtra", "city": "Mumbai", "pincode": 400101, "pickup_address": "mumbai"}}]